{"version":"0.3","links":[{"name":"Flow 1","durableLink":"NonPasswordDurable","publicShare":true,"orgShare":false,"allowComments":true,"requirePassword":false,"fullscreen":false,"hotspotHints":true,"navigationControls":true,"includeSpecs":false,"includeAssets":false,"platform":"","passwordPublished":false,"shareModeViewMode":"ShareModeViewModeDesign","useInvitationsCommentsACL":true,"isURNbasedSharedLink":false,"useSamPublish":false,"sharedURL":"https://xd.adobe.com/view/c726f3ee-4042-48e6-8505-a12d0000fb9c-9275/","href":"https://cc-api-cp.adobe.io/api/v2/xd_prototypes/assets/c726f3ee-4042-48e6-8505-a12d0000fb9c/original","compositeID":"753c9227-4122-450e-830b-8723f3596317","assetID":"c726f3ee-4042-48e6-8505-a12d0000fb9c","resourceID":"ce2d5007-d3cb-4b8c-a151-84b1c4262089","spaceID":"","linksResourceID":"","assetURN":"urn:aaid:sc:US:c726f3ee-4042-48e6-8505-a12d0000fb9c","idHash":"66+PrQ9OgBLCz8DGDZybwTzxqbDeQ2QSSy2PLomCaws=","dateStamp":1663402896088,"flowRootGuid":"c37c893e-f201-4eb3-b558-a0f634663015","homeArtboardType":"Mobile","embedWidth":428,"embedHeight":926}],"selectedLink":0}