{"version":"0.24","interactions":{"c37c893e-f201-4eb3-b558-a0f634663015":[{"properties":{"delay":4,"transition":"dissolve","duration":0.30000001192092896,"easing":"ease-out","preserveScrollPosition":false,"destination":"6061794a-4436-456b-a2be-406e69671b18","voiceLocale":"en-gb"},"triggerEvent":"time","action":"artboard-transition","id":"b8b3241e-d68d-477b-beb8-467e8c507af7"}],"c9d4b5c2-debc-4263-992e-8ebc0f47d07a":[{"properties":{"transition":"dissolve","duration":0.30000001192092896,"easing":"ease-out","preserveScrollPosition":false,"destination":"74f06328-5cd8-452f-99c0-4acabe3aa506","voiceLocale":"en-gb"},"triggerEvent":"tap","action":"artboard-transition","id":"b8efed83-2c11-41a6-93b6-39ea7aa51767"}],"ff72d87d-c771-4fc7-91d2-032165a2484a":[{"properties":{"transition":"dissolve","duration":0.30000001192092896,"easing":"ease-out","preserveScrollPosition":false,"destination":"f981fd59-d993-41f5-bb55-639810c08cb0","voiceLocale":"en-gb"},"triggerEvent":"tap","action":"artboard-transition","id":"25407c10-af4f-4fc9-b485-db3b815314aa"}],"b567163e-8565-4b35-b786-6b71486f6dd9":[{"properties":{"transition":"dissolve","duration":0.30000001192092896,"easing":"ease-out","preserveScrollPosition":false,"destination":"2aacd71f-564d-41e7-807e-43b0e5ec4bf8","voiceLocale":"en-gb"},"triggerEvent":"tap","action":"artboard-transition","id":"94707142-4ec4-4e81-98c2-e72438a13bf4"}],"04401bd6-4ac3-476b-b686-badfc9d7ee39":[{"properties":{"transition":"dissolve","duration":0.30000001192092896,"easing":"ease-out","preserveScrollPosition":false,"destination":"fa8b6712-7b79-44dd-9845-6b97c7799b09","voiceLocale":"en-gb"},"triggerEvent":"tap","action":"artboard-transition","id":"d509d720-b1fc-42e3-87b5-30052f933e23"}],"29fcb1b9-3b1c-445f-92b1-f3a67d998ae5":[{"properties":{"transition":"dissolve","duration":0.30000001192092896,"easing":"ease-out","preserveScrollPosition":false,"destination":"74f06328-5cd8-452f-99c0-4acabe3aa506","voiceLocale":"en-gb"},"triggerEvent":"tap","action":"artboard-transition","id":"14e2e02c-8a49-461d-9c6b-1cb7b3689229"}],"1870d9fa-404d-4894-9051-379a36e3aee0":[{"properties":{"transition":"dissolve","duration":0.30000001192092896,"easing":"ease-out","preserveScrollPosition":false,"destination":"f981fd59-d993-41f5-bb55-639810c08cb0","voiceLocale":"en-gb"},"triggerEvent":"tap","action":"artboard-transition","id":"d10dc6f5-e9e2-4b18-b8a0-8acf30146777"}],"ea15c33e-a406-47a2-ba7d-4a7c01795bc4":[{"properties":{"transition":"dissolve","duration":0.30000001192092896,"easing":"ease-out","preserveScrollPosition":false,"destination":"6061794a-4436-456b-a2be-406e69671b18","voiceLocale":"en-gb"},"triggerEvent":"tap","action":"artboard-transition","id":"0737e933-873a-4853-9f40-45b2bae534da"}],"5b6e9156-924f-4a7a-aa01-c7926b754dff":[{"properties":{"transition":"push-right","duration":0.30000001192092896,"easing":"ease-out","preserveScrollPosition":false,"destination":"6061794a-4436-456b-a2be-406e69671b18","voiceLocale":"en-gb"},"triggerEvent":"tap","action":"artboard-transition","id":"1cf815ed-3a03-4913-8057-2596a4c009b3"}],"90b04e5a-a022-484b-bcb5-18d2b63492f2":[{"properties":{"transition":"dissolve","duration":0.30000001192092896,"easing":"ease-out","preserveScrollPosition":false,"destination":"74f06328-5cd8-452f-99c0-4acabe3aa506","voiceLocale":"en-gb"},"triggerEvent":"tap","action":"artboard-transition","id":"a0b3abb2-67ae-4999-b64b-1a1264473804"}],"e8fa459d-4840-4354-8bbc-63a0d0708798":[{"properties":{"transition":"dissolve","duration":0.30000001192092896,"easing":"ease-out","preserveScrollPosition":false,"destination":"6061794a-4436-456b-a2be-406e69671b18","voiceLocale":"en-gb"},"triggerEvent":"tap","action":"artboard-transition","id":"06106f1a-4960-4c59-b9b7-a8d14dde8068"}],"f6a8a459-77f7-44a3-94bf-704bc8cc7275":[{"properties":{"transition":"dissolve","duration":0.30000001192092896,"easing":"ease-out","preserveScrollPosition":false,"destination":"2aacd71f-564d-41e7-807e-43b0e5ec4bf8","voiceLocale":"en-gb"},"triggerEvent":"tap","action":"artboard-transition","id":"9a938997-461c-45fc-815a-334a93716c82"}],"ac7f29ab-14a0-480f-9223-c134c4bedbf3":[{"properties":{"transition":"push-right","duration":0.30000001192092896,"easing":"ease-out","preserveScrollPosition":false,"destination":"2aacd71f-564d-41e7-807e-43b0e5ec4bf8","voiceLocale":"en-gb"},"triggerEvent":"tap","action":"artboard-transition","id":"76d7598a-6ea4-4181-852f-c804ec4c0a36"}],"bfc23f63-5f29-40cc-b2c1-87abe2d69bfa":[{"properties":{"transition":"dissolve","duration":0.30000001192092896,"easing":"ease-out","preserveScrollPosition":false,"destination":"74f06328-5cd8-452f-99c0-4acabe3aa506","voiceLocale":"en-gb"},"triggerEvent":"tap","action":"artboard-transition","id":"bbae3ac7-f06c-4675-b3e2-29a2f813df95"}],"6327b5c6-27c5-4846-abf0-efe108f28616":[{"properties":{"transition":"dissolve","duration":0.30000001192092896,"easing":"ease-out","preserveScrollPosition":false,"destination":"f981fd59-d993-41f5-bb55-639810c08cb0","voiceLocale":"en-gb"},"triggerEvent":"tap","action":"artboard-transition","id":"1574c5d3-6173-4749-81de-ea8b4e84b35c"}],"c1f01924-6e67-492c-b4f4-45e676ec5130":[{"properties":{"transition":"dissolve","duration":0.30000001192092896,"easing":"ease-out","preserveScrollPosition":false,"destination":"6061794a-4436-456b-a2be-406e69671b18","voiceLocale":"en-gb"},"triggerEvent":"tap","action":"artboard-transition","id":"021f1dd9-92d3-45c0-802b-658ef4613c0a"}],"ab1f297f-226c-4275-97ba-db99d4e5b7bb":[{"properties":{"transition":"dissolve","duration":0.30000001192092896,"easing":"ease-out","preserveScrollPosition":false,"destination":"2aacd71f-564d-41e7-807e-43b0e5ec4bf8","voiceLocale":"en-gb"},"triggerEvent":"tap","action":"artboard-transition","id":"e64d75ef-5769-499f-ae6e-45111724b79c"}],"332f0459-4b02-4df6-8271-be250ae98c17":[{"properties":{"transition":"dissolve","duration":0.30000001192092896,"easing":"ease-out","preserveScrollPosition":false,"destination":"f981fd59-d993-41f5-bb55-639810c08cb0","voiceLocale":"en-gb"},"triggerEvent":"tap","action":"artboard-transition","id":"4af3d8af-3925-4226-8648-cb5876735199"}],"e7930470-0208-4abe-8217-e7b9bffa68fa":[{"properties":{"transition":"dissolve","duration":0.30000001192092896,"easing":"ease-out","preserveScrollPosition":false,"destination":"6061794a-4436-456b-a2be-406e69671b18","voiceLocale":"en-gb"},"triggerEvent":"tap","action":"artboard-transition","id":"b4bbd487-6a4b-4a0d-9b4b-953326dea57c"}],"4eca3ae1-6b46-4f07-b20f-c024da457ccd":[{"properties":{"transition":"dissolve","duration":0.30000001192092896,"easing":"ease-out","preserveScrollPosition":false,"destination":"2aacd71f-564d-41e7-807e-43b0e5ec4bf8","voiceLocale":"en-gb"},"triggerEvent":"tap","action":"artboard-transition","id":"13cdaf5f-e53b-425b-bb46-11eb21274c7f"}]}}